[
    {
        "key": "dbln",
        "value": "%7B%2261577474529648%22%3A%22BbcONyJV%22%2C%2261578048758929%22%3A%22YGSFa7Nf%22%2C%2261578240566579%22%3A%22yPPRPa82%22%7D",
        "domain": "facebook.com",
        "path": "/login/device-based/",
        "hostOnly": false,
        "creation": "2025-07-17T10:15:24.780Z",
        "lastAccessed": "2025-07-17T10:15:24.780Z"
    },
    {
        "key": "sb",
        "value": "1cx4aN5YHCGLzvS5Cxv4w_5M",
        "domain": "facebook.com",
        "path": "/",
        "hostOnly": false,
        "creation": "2025-07-17T10:15:24.780Z",
        "lastAccessed": "2025-07-17T10:15:24.780Z"
    },
    {
        "key": "datr",
        "value": "6sx4aKVeNT7TMGn40ac1olC_",
        "domain": "facebook.com",
        "path": "/",
        "hostOnly": false,
        "creation": "2025-07-17T10:15:24.780Z",
        "lastAccessed": "2025-07-17T10:15:24.780Z"
    },
    {
        "key": "m_pixel_ratio",
        "value": "2.8125",
        "domain": "facebook.com",
        "path": "/",
        "hostOnly": false,
        "creation": "2025-07-17T10:15:24.780Z",
        "lastAccessed": "2025-07-17T10:15:24.780Z"
    },
    {
        "key": "wd",
        "value": "384x857",
        "domain": "facebook.com",
        "path": "/",
        "hostOnly": false,
        "creation": "2025-07-17T10:15:24.780Z",
        "lastAccessed": "2025-07-17T10:15:24.780Z"
    },
    {
        "key": "ps_l",
        "value": "1",
        "domain": "facebook.com",
        "path": "/",
        "hostOnly": false,
        "creation": "2025-07-17T10:15:24.780Z",
        "lastAccessed": "2025-07-17T10:15:24.780Z"
    },
    {
        "key": "ps_n",
        "value": "1",
        "domain": "facebook.com",
        "path": "/",
        "hostOnly": false,
        "creation": "2025-07-17T10:15:24.780Z",
        "lastAccessed": "2025-07-17T10:15:24.780Z"
    },
    {
        "key": "c_user",
        "value": "61578240566579",
        "domain": "facebook.com",
        "path": "/",
        "hostOnly": false,
        "creation": "2025-07-17T10:15:24.780Z",
        "lastAccessed": "2025-07-17T10:15:24.780Z"
    },
    {
        "key": "xs",
        "value": "29%3AVTjq8G72_7WUsw%3A2%3A1752747311%3A-1%3A-1",
        "domain": "facebook.com",
        "path": "/",
        "hostOnly": false,
        "creation": "2025-07-17T10:15:24.780Z",
        "lastAccessed": "2025-07-17T10:15:24.780Z"
    },
    {
        "key": "fr",
        "value": "0dU8yOV6WnepJCyPj.AWe62wxpo8J5XFks0wMUXH3JmnutswdtJlVW6mNa5quNLcBDq1c.BoeMzr..AAA.0.0.BoeM00.AWdQYt974nHn_m6wIPPiFnz_Yug",
        "domain": "facebook.com",
        "path": "/",
        "hostOnly": false,
        "creation": "2025-07-17T10:15:24.780Z",
        "lastAccessed": "2025-07-17T10:15:24.780Z"
    },
    {
        "key": "locale",
        "value": "hi_IN",
        "domain": "facebook.com",
        "path": "/",
        "hostOnly": false,
        "creation": "2025-07-17T10:15:24.780Z",
        "lastAccessed": "2025-07-17T10:15:24.780Z"
    },
    {
        "key": "pas",
        "value": "61578240566579%3AKDQQ7OV9lV",
        "domain": "facebook.com",
        "path": "/",
        "hostOnly": false,
        "creation": "2025-07-17T10:15:24.780Z",
        "lastAccessed": "2025-07-17T10:15:24.780Z"
    },
    {
        "key": "wl_cbv",
        "value": "v2%3Bclient_version%3A2873%3Btimestamp%3A1752747317",
        "domain": "facebook.com",
        "path": "/",
        "hostOnly": false,
        "creation": "2025-07-17T10:15:24.780Z",
        "lastAccessed": "2025-07-17T10:15:24.780Z"
    },
    {
        "key": "fbl_st",
        "value": "100439003%3BT%3A29212455",
        "domain": "facebook.com",
        "path": "/",
        "hostOnly": false,
        "creation": "2025-07-17T10:15:24.780Z",
        "lastAccessed": "2025-07-17T10:15:24.780Z"
    },
    {
        "key": "vpd",
        "value": "v1%3B729x384x2.8125",
        "domain": "facebook.com",
        "path": "/",
        "hostOnly": false,
        "creation": "2025-07-17T10:15:24.780Z",
        "lastAccessed": "2025-07-17T10:15:24.780Z"
    }
]
