[
    {
        "key": "datr",
        "value": "I6_jaKNT-iOeJ02WZoprd7o5",
        "domain": "facebook.com",
        "path": "/",
        "hostOnly": false,
        "creation": "2025-10-06T13:39:22.767Z",
        "lastAccessed": "2025-10-06T13:39:22.767Z"
    },
    {
        "key": "ps_l",
        "value": "1",
        "domain": "facebook.com",
        "path": "/",
        "hostOnly": false,
        "creation": "2025-10-06T13:39:22.767Z",
        "lastAccessed": "2025-10-06T13:39:22.767Z"
    },
    {
        "key": "ps_n",
        "value": "1",
        "domain": "facebook.com",
        "path": "/",
        "hostOnly": false,
        "creation": "2025-10-06T13:39:22.767Z",
        "lastAccessed": "2025-10-06T13:39:22.767Z"
    },
    {
        "key": "sb",
        "value": "I6_jaCO732OeHk5VtvPeD1Y9",
        "domain": "facebook.com",
        "path": "/",
        "hostOnly": false,
        "creation": "2025-10-06T13:39:22.767Z",
        "lastAccessed": "2025-10-06T13:39:22.767Z"
    },
    {
        "key": "m_pixel_ratio",
        "value": "2.75",
        "domain": "facebook.com",
        "path": "/",
        "hostOnly": false,
        "creation": "2025-10-06T13:39:22.767Z",
        "lastAccessed": "2025-10-06T13:39:22.767Z"
    },
    {
        "key": "wd",
        "value": "393x873",
        "domain": "facebook.com",
        "path": "/",
        "hostOnly": false,
        "creation": "2025-10-06T13:39:22.767Z",
        "lastAccessed": "2025-10-06T13:39:22.767Z"
    },
    {
        "key": "locale",
        "value": "hi_IN",
        "domain": "facebook.com",
        "path": "/",
        "hostOnly": false,
        "creation": "2025-10-06T13:39:22.767Z",
        "lastAccessed": "2025-10-06T13:39:22.767Z"
    },
    {
        "key": "c_user",
        "value": "100001479670911",
        "domain": "facebook.com",
        "path": "/",
        "hostOnly": false,
        "creation": "2025-10-06T13:39:22.767Z",
        "lastAccessed": "2025-10-06T13:39:22.767Z"
    },
    {
        "key": "xs",
        "value": "7%3AqWQkxPtY5M7AwQ%3A2%3A1759757829%3A-1%3A-1",
        "domain": "facebook.com",
        "path": "/",
        "hostOnly": false,
        "creation": "2025-10-06T13:39:22.767Z",
        "lastAccessed": "2025-10-06T13:39:22.767Z"
    },
    {
        "key": "pas",
        "value": "100001479670911%3ArDQX0Aj58W",
        "domain": "facebook.com",
        "path": "/",
        "hostOnly": false,
        "creation": "2025-10-06T13:39:22.767Z",
        "lastAccessed": "2025-10-06T13:39:22.767Z"
    },
    {
        "key": "x-referer",
        "value": "eyJyIjoiL2hvbWUucGhwIiwiaCI6Ii8iLCJzIjoibSJ9",
        "domain": "facebook.com",
        "path": "/",
        "hostOnly": false,
        "creation": "2025-10-06T13:39:22.767Z",
        "lastAccessed": "2025-10-06T13:39:22.767Z"
    },
    {
        "key": "fr",
        "value": "0ovnyuIl0VxgHcMGK.AWd-ib6JB4vchbDhyqjeGATXg2-HCWaZzKYR-jTWES34grk4Y0g.Bo468j..AAA.0.0.Bo48YM.AWcraOoXPUyNfIZWVTVFxXMNmCg",
        "domain": "facebook.com",
        "path": "/",
        "hostOnly": false,
        "creation": "2025-10-06T13:39:22.767Z",
        "lastAccessed": "2025-10-06T13:39:22.767Z"
    },
    {
        "key": "wl_cbv",
        "value": "v2%3Bclient_version%3A2944%3Btimestamp%3A1759757836",
        "domain": "facebook.com",
        "path": "/",
        "hostOnly": false,
        "creation": "2025-10-06T13:39:22.767Z",
        "lastAccessed": "2025-10-06T13:39:22.767Z"
    },
    {
        "key": "fbl_st",
        "value": "101431357%3BT%3A29329299",
        "domain": "facebook.com",
        "path": "/",
        "hostOnly": false,
        "creation": "2025-10-06T13:39:22.767Z",
        "lastAccessed": "2025-10-06T13:39:22.767Z"
    },
    {
        "key": "vpd",
        "value": "v1%3B741x393x2.75",
        "domain": "facebook.com",
        "path": "/",
        "hostOnly": false,
        "creation": "2025-10-06T13:39:22.767Z",
        "lastAccessed": "2025-10-06T13:39:22.767Z"
    }
]
